<?xml version="1.0" encoding="utf-8" ?>
<memberlist>
  <member>
    <name area="静岡">出世大名家康くん</name>
    <info>
      <ranking>1位</ranking>
      <point>140573</point>
    </info>
    <img>http://www.yurugp.jp/img/uploads/character/650/00000037.jpg</img>
    <area>中部</area>
  </member>
  <member>
    <name area="静岡">しっぺい</name>
    <info>
      <ranking>6位</ranking>
      <point>34666</point>
    </info>
    <img>http://www.yurugp.jp/img/uploads/character/650/00000430.jpg</img>
    <area>中部</area>
  </member>
  <member>
    <name area="愛知">オカザえもん</name>
    <info>
      <ranking>14位</ranking>
      <point>20682</point>
    </info>
    <img>http://www.yurugp.jp/img/uploads/character/650/00000959.jpg</img>
    <area>中部</area>
  </member>
  <member>
    <name area="栃木">さのまる</name>
    <info>
      <ranking>2位</ranking>
      <point>86613</point>
    </info>
    <img>http://www.yurugp.jp/img/uploads/character/650/00000020.jpg</img>
    <area>関東</area>
  </member>
  <member>
    <name area="神奈川">あゆコロちゃん</name>
    <info>
      <ranking>9位</ranking>
      <point>30197</point>
    </info>
    <img>http://www.yurugp.jp/img/uploads/character/650/00000027.jpg</img>
    <area>関東</area>
  </member>
  <member>
    <name area="福岡">かわりみ千兵衛</name>
    <info>
      <ranking>18位</ranking>
      <point>18530</point>
    </info>
    <img>http://www.yurugp.jp/img/uploads/character/650/00000352.jpg</img>
    <area>九州</area>
  </member>  
</memberlist>